atcoder,typical90,typical90_a
atcoder,typical90,typical90_b
atcoder,typical90,typical90_c
atcoder,typical90,typical90_d
atcoder,typical90,typical90_e
atcoder,typical90,typical90_f
atcoder,typical90,typical90_g
atcoder,typical90,typical90_h
atcoder,typical90,typical90_i
atcoder,typical90,typical90_j
atcoder,typical90,typical90_k
atcoder,typical90,typical90_l
atcoder,typical90,typical90_m
atcoder,typical90,typical90_n
atcoder,typical90,typical90_o
atcoder,typical90,typical90_p
atcoder,typical90,typical90_q
atcoder,typical90,typical90_r
atcoder,typical90,typical90_s
atcoder,typical90,typical90_t
atcoder,typical90,typical90_u
atcoder,typical90,typical90_v
atcoder,typical90,typical90_w
atcoder,typical90,typical90_x
atcoder,typical90,typical90_y
atcoder,typical90,typical90_z
atcoder,typical90,typical90_aa
atcoder,typical90,typical90_ab
atcoder,typical90,typical90_ac
atcoder,typical90,typical90_ad
atcoder,typical90,typical90_ae
atcoder,typical90,typical90_af
atcoder,typical90,typical90_ag
atcoder,typical90,typical90_ah
atcoder,typical90,typical90_ai
atcoder,typical90,typical90_aj
atcoder,typical90,typical90_ak
atcoder,typical90,typical90_al
atcoder,typical90,typical90_am
atcoder,typical90,typical90_an
atcoder,typical90,typical90_ao
atcoder,typical90,typical90_ap
atcoder,typical90,typical90_aq
atcoder,typical90,typical90_ar
atcoder,typical90,typical90_as
atcoder,typical90,typical90_at
atcoder,typical90,typical90_au
atcoder,typical90,typical90_av
atcoder,typical90,typical90_aw
atcoder,typical90,typical90_ax
atcoder,typical90,typical90_ay
atcoder,typical90,typical90_az
atcoder,typical90,typical90_ba
atcoder,typical90,typical90_bb
atcoder,typical90,typical90_bc
atcoder,typical90,typical90_bd
atcoder,typical90,typical90_be
atcoder,typical90,typical90_bf
atcoder,typical90,typical90_bg
atcoder,typical90,typical90_bh
atcoder,typical90,typical90_bi
atcoder,typical90,typical90_bj
atcoder,typical90,typical90_bk
atcoder,typical90,typical90_bl
atcoder,typical90,typical90_bm
atcoder,typical90,typical90_bn
atcoder,typical90,typical90_bo
atcoder,typical90,typical90_bp
atcoder,typical90,typical90_bq
atcoder,typical90,typical90_br
atcoder,typical90,typical90_bs
atcoder,typical90,typical90_bt
atcoder,typical90,typical90_bu
atcoder,typical90,typical90_bv
atcoder,typical90,typical90_bw
atcoder,typical90,typical90_bx
atcoder,typical90,typical90_by
atcoder,typical90,typical90_bz
atcoder,typical90,typical90_ca
atcoder,typical90,typical90_cb
atcoder,typical90,typical90_cc
atcoder,typical90,typical90_cd
atcoder,typical90,typical90_ce
atcoder,typical90,typical90_cf
atcoder,typical90,typical90_cg
atcoder,typical90,typical90_ch
atcoder,typical90,typical90_ci
atcoder,typical90,typical90_cj
atcoder,typical90,typical90_ck
atcoder,typical90,typical90_cl
